{"Position":{"x":196.01910400390626,"y":448.038330078125,"z":0.0},"Name":"Bobik"}